region,Date,Type,averageprice,totalvolume,4046Units,4225Units,4770Units,TotalBagged Units,SmlBagged Units,LrgBagged Units,X-LrgBagged Units
Total U.S.,1/6/20 0:00,Conventional ,0.97,46310705.72,13036248.61,10416874.46,845596.08,22010551.97,11649671.54,9670934.96,689945.47
Total U.S.,1/6/20 0:00,Organic,1.4,1661847.67,111735.11,180465.83,3006.45,1366605,1060725.23,305796.57,83.2
Total U.S.,1/12/20 0:00,Conventional ,0.97,46524778.83,13223759.25,8444074.44,627869.92,24227623.24,13241643.55,10377040.43,608939.26
Total U.S.,1/12/20 0:00,Organic,1.41,1960946.8,152181.51,164251.09,4714.51,1639770.67,1282533.77,357168.72,68.18
Total U.S.,1/19/20 0:00,Conventional ,0.93,48534972.05,13102979.33,10072454.62,949386.1,24408696.44,13606025.69,10056820.22,745850.53
Total U.S.,1/19/20 0:00,Organic,1.35,2058102.35,211748.69,184267.17,4167.88,1657863.84,1298598.3,359200.35,65.19
Total U.S.,1/26/20 0:00,Conventional ,1.01,43938472.7,12635230.46,7658265.98,611401.15,23032151.89,13202402.01,9280522.43,549227.45
Total U.S.,1/26/20 0:00,Organic,1.44,1701009.45,108818.36,166076.47,4202.12,1421897.31,1190893.61,230944.34,59.36
Total U.S.,2/2/20 0:00,Conventional ,0.85,63428864.75,17494332.27,13036382.62,1205863.48,31689188.6,17403574.03,13327600.76,958013.81
Total U.S.,2/2/20 0:00,Organic,1.39,1880070.18,102256.45,164462.5,4846.62,1608494.46,1196781.92,411511.17,201.37
Total U.S.,2/9/20 0:00,Conventional ,0.96,47887559.28,13668923.46,9377990.27,768746.13,24071899.42,12455683.71,10778544.52,837671.19
Total U.S.,2/9/20 0:00,Organic,1.43,1707021.21,92588.79,138334.93,5031.51,1471034.45,1122901.88,347950.71,181.86
Total U.S.,2/16/20 0:00,Conventional ,1.02,42730997.99,12495822.19,7867289.2,521606.52,21846280.08,11583695.32,9598983.4,663601.36
Total U.S.,2/16/20 0:00,Organic,1.44,1732031.05,87183.78,127566.95,4814.6,1512340.96,1216659.79,295664.17,17
Total U.S.,2/23/20 0:00,Conventional ,1.01,45009239.58,12700928.54,7811581.19,685823.58,23810906.27,13227463.27,9952406.07,631036.93
Total U.S.,2/23/20 0:00,Organic,1.41,1871904.09,105003.23,150837.39,6789.04,1609225.47,1298135.07,311012.52,77.88
Total U.S.,3/1/20 0:00,Conventional ,1.09,43500148.34,12625971.13,7765151.23,455851.22,22652392.02,12883794.01,9241498.09,527099.92
Total U.S.,3/1/20 0:00,Organic,1.54,1982156.27,166117.62,235288.29,6603.79,1574057.38,1263531.12,310425.88,100.38
Total U.S.,3/8/20 0:00,Conventional ,1.13,44303012,13057777.35,7639123.04,370264.06,23235646.06,14122435.48,8492346.09,620864.49
Total U.S.,3/8/20 0:00,Organic,1.56,1785038.66,102732.94,163756.07,4944.72,1513508.71,1224311.12,289152.22,45.37
Total U.S.,3/15/20 0:00,Conventional ,1.16,51540125.03,14968568.53,8766717.02,452355.38,27352451.88,16100499.57,10631015.21,620937.1
Total U.S.,3/15/20 0:00,Organic,1.66,2278473.29,118431.74,186208.86,6453.38,1967299.84,1521407.28,445840.08,52.48
Total U.S.,3/22/20 0:00,Conventional ,1.16,48981846.51,15236174.5,8484263.47,425086.68,24836313.77,14431165.98,9912371.31,492776.48
Total U.S.,3/22/20 0:00,Organic,1.59,1883052.28,113678.33,156134.06,5409.85,1607681.81,1308780.67,298854.12,47.02
Total U.S.,4/19/20 0:00,Conventional ,1.14,50089191.6,15371297.43,8761487.94,661170.02,25295051.04,16144250.94,8128235.6,1022564.5
Total U.S.,4/12/20 0:00,Conventional ,1.2,47850537.28,15337307.32,8657849.24,527482.31,23327706.76,15385868.36,7030807.23,911031.17
Total U.S.,4/5/20 0:00,Conventional ,1.15,50361125.91,16273297.88,9157284.74,486270.26,24444067.4,16146224.38,7530461.91,767381.11
Total U.S.,3/29/20 0:00,Conventional ,1.19,46381647.4,14113616.66,8477722.18,419458.24,23370633.92,14907229.13,7758313.73,705091.06
Total U.S.,4/19/20 0:00,Organic,1.58,2182476.51,178159.04,180706.16,7018.65,1816592.66,1034500.25,782012.66,79.75
Total U.S.,4/12/20 0:00,Organic,1.61,2191132.46,181767.25,167492.89,4618.03,1837246.38,1066196.32,770183.37,866.69
Total U.S.,4/5/20 0:00,Organic,1.6,2239685.17,151730.68,176576.05,8165.51,1903189.58,1198167.29,704929.28,93.01
Total U.S.,3/29/20 0:00,Organic,1.59,1904234.87,108627.11,160024.78,5930.32,1629641.7,1033147.13,596157.67,336.9
Total U.S.,5/17/20 0:00,Conventional,1.16,51690121.14,15951219.72,9221698.67,728025.52,25788840.09,16896405.58,7972084.51,920350
Total U.S.,5/10/20 0:00,Conventional,1.09,58463220.4,17894355.35,11123423.38,837609.43,28607617.88,18739691.34,8992205.32,875721.22
Total U.S.,5/3/20 0:00,Conventional,1.03,62179375.21,19308947.82,11026477.94,715301.95,31128390.35,20550406.59,9682198.81,895784.95
Total U.S.,4/26/20 0:00,Conventional,1.15,52015534.19,15237698.67,10580031.68,740327.93,25457282.76,16664184.93,7797364.59,995733.24
Total U.S.,5/17/20 0:00,Organic,1.58,2271254,150100,198457,5429,1917250,1121691,795559,0
Total U.S.,5/10/20 0:00,Organic,1.56,2388687,167266,223077,4442,1993895,1087768,906107,20
Total U.S.,5/3/20 0:00,Organic,1.56,2157708,141181,217577,5659,1793276,1064429,728577,270
Total U.S.,4/26/20 0:00,Organic,1.58,2135665,135549,200030,6809,1793277,1019488,773782,6
Total U.S.,6/14/20 0:00,Conventional,1.06,55007945,15510458,11019342,978710,27499330,17969207,8331756,1198367
Total U.S.,6/7/20 0:00,Conventional,1.08,54532348,16718884,9757798,1100945,26954602,17522596,8376733,1055273
Total U.S.,5/31/20 0:00,Conventional,1.07,57509313,16286759,11346382,887011,28989020,18664351,9081422,1243247
Total U.S.,5/24/20 0:00,Conventional,1.11,56769152,17107525,9947892,854508,28858999,18426503,9218375,1214120
Total U.S.,6/14/20 0:00,Organic,1.59,2192761,108037,184227,7759,1892718,1099094,793622,2
Total U.S.,6/7/20 0:00,Organic,1.59,2268714,139122,179556,7020,1943011,1114499,828512,0
Total U.S.,5/31/20 0:00,Organic,1.59,2182589,136497,179966,4366,1861760,1077348,784411,1
Total U.S.,5/24/20 0:00,Organic,1.59,2345443,144844,178455,5449,2016671,1197701,818967,3
Total U.S.,7/12/20 0:00,Conventional,1.04,51081492.98,14418172.99,9424287.44,922494.66,26316384.15,16876196.39,8388109.49,1052078.27
Total U.S.,7/5/20 0:00,Conventional,1.06,55608056.7,16678146.96,9939269.55,1060183.59,27930345.43,18487694.16,8039467.23,1403184.04
Total U.S.,6/28/20 0:00,Conventional,1.04,51723709.35,14685424.96,9247457.73,927273.16,26863384.78,17913818.66,7768050.22,1181515.9
Total U.S.,6/21/20 0:00,Conventional,1.08,52151483.63,15717883.16,9295727.67,950151.32,26187642.59,17715891.54,7164224.45,1307526.6
Total U.S.,7/12/20 0:00,Organic,1.64,2071489.81,137270.51,160186.45,6506.73,1767512.03,1032775.83,733650.89,1085.31
Total U.S.,7/5/20 0:00,Organic,1.63,2239483.59,147332.86,159243.48,7125.74,1925781.51,1122656.11,800243.48,2881.92
Total U.S.,6/28/20 0:00,Organic,1.59,2083765.75,143548.5,154745.67,7785.77,1777681.88,1069612.68,708061.87,7.33
Total U.S.,6/21/20 0:00,Organic,1.59,2240038.17,123964.22,173127.6,6587.39,1936332.22,1122846.75,813482.54,2.93
Total U.S.,8/9/20 0:00,Conventional,1.01,49948467.53,13513740.15,9764852.28,830358.97,25839422.61,16843684.44,8164953.84,830784.33
Total U.S.,8/2/20 0:00,Conventional,1.01,49849471.46,13724124.47,9268799.84,804153.36,26052277.82,16792674.19,8136063.35,1123540.28
Total U.S.,7/26/20 0:00,Conventional,0.99,52057098.76,15169236.51,9651068.44,1134315.05,26102350.94,16765180.32,8237758.57,1099412.05
Total U.S.,7/19/20 0:00,Conventional,1.01,51962253.46,14222876.95,9856363.24,1213972.61,26668837.25,16933310.41,8622284.79,1113242.05
Total U.S.,8/9/20 0:00,Organic,1.58,1917565.35,97756.09,144167.18,3304.43,1672337.65,1029951.54,642383.15,2.96
Total U.S.,8/2/20 0:00,Organic,1.56,2068804.77,145109.02,142625.03,3548.5,1777518.85,1060299.35,717213.59,5.91
Total U.S.,7/26/20 0:00,Organic,1.5,2247999.39,180846.17,159211.38,6154.3,1901762.16,1117192.67,784534.08,35.41
Total U.S.,7/19/20 0:00,Organic,1.61,2132595.2,143635.95,164059.77,6887.02,1818012.46,1006362.76,811551,98.7
Total U.S.,1/7/19 0:00,Conventional,1.02,44749707.48,14377053.08,11890232.9,893721.1,17588700.4,12829493.4,4617813.55,141393.45
Total U.S.,1/7/19 0:00,Organic,1.47,1706136.92,144293.54,286237.67,4849.65,1270752.28,1039378.52,231335.78,37.98
Total U.S.,1/13/19 0:00,Conventional,0.97,48088440.48,15500568.59,13443606.86,741410.17,18402854.86,12137097.88,6130317.9,135439.08
Total U.S.,1/13/19 0:00,Organic,1.48,1618207,143351.55,251981.54,4046.99,1218814.15,1062864.59,155905.58,43.98
Total U.S.,1/20/19 0:00,Conventional,0.99,47145264.29,13843021.42,13453612.06,1328746.49,18519884.32,12840426.17,5419914.54,259543.61
Total U.S.,1/20/19 0:00,Organic,1.52,1647038.75,148018.1,255799,7280.38,1235928.09,963874.71,272001.78,51.6
Total U.S.,1/27/19 0:00,Conventional,1.03,43574809.65,14531449.87,11053096.21,830802.01,17159461.56,11231765.56,5628141.16,299554.84
Total U.S.,1/27/19 0:00,Organic,1.46,1678523.73,216491.68,310078.04,4356.09,1147575.82,965651.15,181888.29,36.38
Total U.S.,2/3/19 0:00,Conventional,0.84,62451514.93,19498919.53,17887806.52,1591800.19,23472988.69,15264523.33,7864297.23,344168.13
Total U.S.,2/3/19 0:00,Organic,1.37,1586420.12,153985.93,253361.95,3674.58,1175379.83,942914.4,232460.89,4.54
Total U.S.,2/10/19 0:00,Conventional,0.91,46702984.78,15056413.17,12025541.02,822702.28,18798328.31,12438637.18,6191152.14,168538.99
Total U.S.,2/10/19 0:00,Organic,1.37,1686620.09,202717.7,273431.15,4411.75,1206037.05,1017143.31,188893.74,0
Total U.S.,2/17/19 0:00,Conventional,0.96,42664975.38,13572742.16,11372877.41,1306103.02,16413252.79,10553827.08,5603664.7,255761.01
Total U.S.,2/17/19 0:00,Organic,1.45,1410402.61,138610.38,232462.66,3433.61,1035769.26,909907.94,125818.97,42.35
Total U.S.,2/24/19 0:00,Conventional,0.98,43682565.76,13423017.47,12170264.41,1038105.23,17051178.65,11676381.46,5110694.9,264102.29
Total U.S.,2/24/19 0:00,Organic,1.45,1601041.51,137640.84,290983.74,4624.46,1167471.48,951857.58,215543.29,70.61
Total U.S.,3/3/19 0:00,Conventional,1,44402424.87,14607958.6,11158680.97,972115.17,17663670.13,11608928.88,5702349.27,352391.98
Total U.S.,3/3/19 0:00,Organic,1.42,1799342.61,167282.63,334637.98,3767.62,1293521.62,1102949.94,190564.14,7.54
Total U.S.,3/10/19 0:00,Conventional,0.98,46192002.93,14299259.38,12096366.87,996823.67,18799553.01,12490684.42,5873048.32,435820.27
Total U.S.,3/10/19 0:00,Organic,1.41,1657268.71,126515.71,265707.13,3863.8,1261110.1,1077389.81,183714.31,5.98
Total U.S.,3/17/19 0:00,Conventional,0.94,48744675.54,15417243.07,11325570.49,1404434.49,20597427.49,13377154.27,6718343.2,501930.02
Total U.S.,3/17/19 0:00,Organic,1.41,1672146.01,189563.89,347779.5,3366.12,1131334.38,960590.8,170576.11,167.47
Total U.S.,3/24/19 0:00,Conventional,0.99,47068805.2,14147438.33,13174261.26,1014092.8,18733012.81,11981189.57,6380776.16,371047.08
Total U.S.,3/24/19 0:00,Organic,1.38,1635692.23,154393.27,291309.66,26888.61,1163044.14,919387.48,243640.21,16.45
Total U.S.,3/31/19 0:00,Conventional ,0.99,45361322.61,13981629.12,11271303.41,1101105.72,19007284.36,11327599.95,7451904.67,227779.74
Total U.S.,3/31/19 0:00,Organic,1.44,1529586.01,157661.25,294573.54,3063.73,1074187,817535.18,256647.32,4.5
Total U.S.,4/7/19 0:00,Conventional ,0.97,49306986.45,14218225.68,12998358.75,1493000.99,20597401.03,12949530.59,7288681.58,359188.86
Total U.S.,4/7/19 0:00,Organic,1.47,1547624.35,183524.02,281682.51,3497.42,1078539.63,873257.97,205260.82,20.84
Total U.S.,4/14/19 0:00,Conventional ,1.05,45956798.68,13116578.64,12746906.95,1181613.53,18911699.56,12002214.73,6411537.42,497947.41
Total U.S.,4/14/19 0:00,Organic,1.41,1855513.44,310297.88,410932.53,5813.06,1128177.12,857443.56,270718.74,14.82
Total U.S.,4/21/19 0:00,Conventional ,1.27,39009980.45,11457331.14,9683822.37,1076012.1,16792814.84,10656049.33,5768550.56,368214.95
Total U.S.,4/21/19 0:00,Organic,1.7,1429845.48,157817.12,317961.48,4693.07,949314.83,691028.63,258272.92,13.28
Total U.S.,4/28/19 0:00,Conventional ,1.37,35223603.67,11547044.33,9044580,908429.44,13723549.9,8751301.61,4661547.01,310701.28
Total U.S.,4/28/19 0:00,Organic,1.88,1274892.87,139548.72,256526.13,6059.11,872724.47,639092.02,233603.06,29.39
Total U.S.,5/5/19 0:00,Conventional ,1.22,49213686.42,15439382.06,13655551.28,1033255.45,19085497.63,11663445.5,6985234.27,436817.86
Total U.S.,5/5/19 0:00,Organic,1.84,1318928.29,132697.25,259219.22,5305.08,921604.96,625592.39,296011.1,1.47
Total U.S.,5/12/19 0:00,Conventional ,1.24,43060975.95,13040337.96,11403251.69,890220.7,17726801.16,11266027.51,6092753.88,368019.77
Total U.S.,5/12/19 0:00,Organic,1.73,1397668.77,118654.68,238669.68,5496.8,1034822.4,759614.49,275196.2,11.71
Total U.S.,5/19/19 0:00,Conventional ,1.29,38309262.36,11718599.78,10111448.55,909583.84,15569630.19,10410831.77,4907117.36,251681.06
Total U.S.,5/19/19 0:00,Organic,1.77,1268229.11,116660.49,230157.55,4769.73,916565.76,756911.02,159637.18,17.56
Total U.S.,5/26/19 0:00,Conventional ,1.31,40514870.62,11623029.55,10706872.74,824382.07,17360586.26,10942409.29,6110523.23,307653.74
Total U.S.,5/26/19 0:00,Organic,1.76,1467564.89,124635.45,246675.94,4532.34,1091367.21,853477.96,237727.68,161.57
Total U.S.,6/2/19 0:00,Conventional ,1.23,43111485.93,11420785.75,11004956.59,1002653.78,19683089.81,11094953.78,7743206.2,844929.83
Total U.S.,6/2/19 0:00,Organic,1.59,1582369.82,135882.54,248081.41,4350.84,1193874.17,924950.32,268351.61,572.24
Total U.S.,6/9/19 0:00,Conventional ,1.22,43111833.62,11656650.13,11308618.81,825153.4,19321411.28,10846855.02,7806415.69,668140.57
Total U.S.,6/9/19 0:00,Organic,1.63,1479448.63,117688.94,232232.17,5414.31,1123905.36,858291.35,265537.19,76.82
Total U.S.,6/16/19 0:00,Conventional ,1.32,39221437.21,10842298.19,10280896.51,816707.63,17281534.88,10407244.32,6314650.15,559640.41
Total U.S.,6/16/19 0:00,Organic,1.76,1376954.68,122831.3,226798.49,7862.44,1019280.97,798123.87,221091.87,65.23
Total U.S.,7/14/19 0:00,Conventional ,1.47,34945476.94,9173282.84,9679713.58,754279.34,15338201.18,9764518.02,4958010.74,615672.42
Total U.S.,7/7/19 0:00,Conventional ,1.46,38883159.64,10153137.06,11262186.64,1019933.85,16447902.09,10234860.7,5496937.19,716104.2
Total U.S.,6/30/19 0:00,Conventional ,1.37,38035401.59,9799556.99,10371743.85,857120.3,17006980.45,10061618.06,6340092.86,605269.53
Total U.S.,6/23/19 0:00,Conventional ,1.34,38628187.43,10625892.82,9968046.33,764157.27,17270091.01,9808034.03,6785757.85,676299.13
Total U.S.,7/14/19 0:00,Organic,1.99,1236969.18,106370.49,209820.63,5606.1,915082.38,667494.94,247562.25,25.19
Total U.S.,7/7/19 0:00,Organic,1.95,1392880.01,106701.24,257572.47,3346.66,1025248.88,791812.33,233401.04,35.51
Total U.S.,6/30/19 0:00,Organic,1.84,1483274.36,107421.5,239833.16,5669.95,1130349.75,898054.46,232230.09,65.2
Total U.S.,6/23/19 0:00,Organic,1.85,1282942.88,113819.91,230984.71,4703.63,933299.77,751192.44,181912.38,194.95
Total U.S.,7/21/19 0:00,Conventional ,1.5,33854234.81,8971163.89,9009255.54,857181.35,15016634.03,9310149.58,4989308.61,717175.84
Total U.S.,7/21/19 0:00,Organic,2.04,1184821.51,112645.91,193024.71,4678.48,874434.54,628287.93,245844.61,302
Total U.S.,7/28/19 0:00,Conventional ,1.47,34727442.98,9360275.5,8978733.7,948645.42,15439788.36,9477042.5,5252512.64,710233.22
Total U.S.,7/28/19 0:00,Organic,2.05,1141796.94,120671.45,188895.13,5160.32,826971.31,606151.2,219881.03,939.08
Total U.S.,8/4/19 0:00,Conventional ,1.41,35751881.43,10031521.98,8853237.48,789420.88,16077701.09,10217006.54,5217065.62,643628.93
Total U.S.,8/4/19 0:00,Organic,2.02,1248137.32,117643.31,190284.14,4949.66,935181.27,698540.01,236615.95,25.31
Total U.S.,8/11/19 0:00,Conventional ,1.34,37406700.1,9588930.54,9165179.06,907351.65,17745238.85,11187291.77,5806802.98,751144.1
Total U.S.,8/11/19 0:00,Organic,1.97,1265433.05,114875.75,186666.96,5449.67,958404.31,740327.24,218063.43,13.64
Total U.S.,9/8/19 0:00,Conventional ,1.23,38757175.41,11313320.49,8923953.39,809240.98,17710660.55,12047740,5059285.81,603634.74
Total U.S.,9/1/19 0:00,Conventional ,1.23,40024359.99,10872365.99,9755443.58,760024.29,18636526.13,12555024.2,5394809.3,686692.63
Total U.S.,8/25/19 0:00,Conventional ,1.23,39340251.15,11369008.45,8786180.59,834792.32,18350269.79,11207457.71,6397323.14,745488.94
Total U.S.,8/18/19 0:00,Conventional ,1.32,37425679.57,10284041.84,9054931.95,780501.94,17306203.84,10721992.72,5880316.72,703894.4
Total U.S.,9/8/19 0:00,Organic,1.71,1450423,121054.27,168553.82,4729.73,1156049.77,1008974.67,147075.1,0
Total U.S.,9/1/19 0:00,Organic,1.8,1315173.72,120525.19,169115.69,4324.04,1021189.44,913926.26,107260.19,2.99
Total U.S.,8/25/19 0:00,Organic,1.78,1390415.86,123373.2,160798.55,4141.01,1102033.28,945644.56,156388.72,0
Total U.S.,8/18/19 0:00,Organic,1.75,1478871.37,120019.78,170612.18,3136.48,1185102.93,970951.97,214144.99,5.97
Total U.S.,10/6/19 0:00,Conventional ,1.12,39479783.01,9757038.8,9155130.57,833639.74,19733973.9,11293214.76,7958753.83,482005.31
Total U.S.,9/29/19 0:00,Conventional ,1.15,39064517.23,10290944.4,9755174.81,562315.01,18456083.01,10561999.22,7553427.13,340656.66
Total U.S.,9/22/19 0:00,Conventional ,1.2,37132649.17,10297739.55,8794973.38,561900.63,17478035.61,9839007.16,7246420.68,392607.77
Total U.S.,9/15/19 0:00,Conventional ,1.21,38782069.87,10684605.45,8996308.28,539377.5,18561778.64,10979483.63,7166522.41,415772.6
Total U.S.,10/6/19 0:00,Organic,1.55,1558936.59,105261.93,157260.63,3701.62,1292641.44,1090792.43,201765.2,83.81
Total U.S.,9/29/19 0:00,Organic,1.63,1563604.7,114326.13,135042.78,3685.22,1310529.47,1118237.59,192291.88,0
Total U.S.,9/22/19 0:00,Organic,1.61,1602097.06,124185.63,154269.39,4217.08,1319399.68,1149201.87,170197.81,0
Total U.S.,9/15/19 0:00,Organic,1.61,1532413.54,119769.2,152716.92,4099.34,1255802.26,1121534.81,134246.61,20.84
Total U.S.,11/3/19 0:00,Conventional ,1.04,37329536.19,10376832.82,7835071.72,598957.72,18518673.93,10710796.01,7268951.62,538926.3
Total U.S.,10/27/19 0:00,Conventional ,1.04,39116432.88,10769296.72,8331285.17,617736.9,19398114.09,11075003.53,7790540.1,532570.46
Total U.S.,10/20/19 0:00,Conventional ,1.07,38477321.05,9670776.32,8752201.57,675093.3,19378276.53,10546392.39,8378355.78,453528.36
Total U.S.,10/13/19 0:00,Conventional ,1.11,38768168.4,10329901.22,9467625.66,710891.62,18259749.9,10580507.7,7098397.42,580844.78
Total U.S.,11/3/19 0:00,Organic,1.38,1626558.38,94248.66,135342.45,3894.8,1392969.29,1230731.86,162211.89,25.54
Total U.S.,10/27/19 0:00,Organic,1.33,1736175.58,85560.7,142065.5,3424.64,1505098.85,1357031.73,148005.54,61.58
Total U.S.,10/20/19 0:00,Organic,1.47,1453261.28,80886.55,140954.73,4176.53,1227185.26,1109729.33,117445.44,10.49
Total U.S.,10/13/19 0:00,Organic,1.52,1509202.02,87747.63,157542.45,3191.51,1260595.4,1085397.39,175136.52,61.49
Total U.S.,12/1/19 0:00,Conventional ,1.05,31319054,9291631,6238096,585262,15204064,8665497,5986828,551739
Total U.S.,11/24/19 0:00,Conventional ,1.06,34631238,9568975,7488155,647375,16926733,9572128,6756021,598584
Total U.S.,11/17/19 0:00,Conventional ,1.02,37883934,10859987,7674135,586287,18763525,10882824,7272877,607824
Total U.S.,11/10/19 0:00,Conventional ,1.01,39062078,10717154,8561348,714813,19068763,10984070,7410528,674164
Total U.S.,12/1/19 0:00,Organic,1.51,1218328,90688,117456,2399,1007748,859813,147866,70
Total U.S.,11/24/19 0:00,Organic,1.57,1203764,85254,119582,4388,994385,873583,120796,6
Total U.S.,11/17/19 0:00,Organic,1.53,1411353,142289,155911,2867,1110210,952201,157997,12
Total U.S.,11/10/19 0:00,Organic,1.57,1398365,99982,119282,3709,1175290,1006620,168582,89
Total U.S.,12/29/19 0:00,Conventional ,0.92,39387849.97,11755125.67,7518140.74,695276.47,19419307.09,10764993.72,7997196.35,657117.02
Total U.S.,12/22/19 0:00,Conventional ,1.03,34459834.98,10219144.89,6805134.76,695299.88,16740255.45,9193315.35,6983046.64,563893.46
Total U.S.,12/15/19 0:00,Conventional ,1.02,35174364.71,9939946.69,7293252.47,544368.08,17396797.47,9907452.98,6998810.58,490533.91
Total U.S.,12/8/19 0:00,Conventional ,0.96,39683131.73,11347723.5,8495657.43,732026.79,19106744.01,10559420.53,7946439.04,600884.44
Total U.S.,12/29/19 0:00,Organic,1.41,1484973.94,103711.74,139442.02,2318.86,1239436.28,1021450.72,217848.25,137.31
Total U.S.,12/22/19 0:00,Organic,1.58,1355282.79,135274.78,152256.36,3611.1,1064091.82,913534.41,150555.9,1.51
Total U.S.,12/15/19 0:00,Organic,1.58,1167414.83,81292.94,116024.73,2403.04,967659.69,850341.3,117277.57,40.82
Total U.S.,12/8/19 0:00,Organic,1.48,1254782.55,82718.21,120225.73,3953.81,1047870.42,913814.12,133931.91,124.39
Total U.S.,1/1/18 0:00,Conventional,0.98,38267341.61,13109617.49,13197460.59,644837.54,11315425.99,8092355.2,3098373.91,124696.88
Total U.S.,1/7/18 0:00,Conventional,1.13,36703156.72,13730992.75,10781339.21,677714.86,11513109.9,8231766.23,3130919.1,150424.57
Total U.S.,1/14/18 0:00,Conventional,1.2,37299945.22,12600918.24,11866197.84,652808.4,12180020.74,8128241.88,3917569.95,134208.91
Total U.S.,1/21/18 0:00,Conventional,1.08,42939821.55,14218843.83,13929702.12,928815.12,13862460.48,9866218.28,3789722.9,206519.3
Total U.S.,1/28/18 0:00,Conventional,1.09,40171640.84,14551799.5,12119884.61,575974.74,12923981.99,9749412.19,3041125.42,133444.38
Total U.S.,2/4/18 0:00,Conventional,0.87,62505646.52,21620180.9,20445501.03,1066830.22,19373134.37,13384586.8,5719096.61,269450.96
Total U.S.,2/11/18 0:00,Conventional,0.97,43167806.09,15870677.7,11541844.87,652856.58,15102426.94,10844852.22,4023485.04,234089.68
Total U.S.,2/18/18 0:00,Conventional,1.08,36709887.49,13262751.42,10491918.44,552969.73,12402247.9,9023351.68,3151157.42,227738.8
Total U.S.,2/25/18 0:00,Conventional,1.06,40021528.76,13829857.87,10415463.59,724330.16,15051877.14,10666942.78,4081397.72,303536.64
Total U.S.,3/4/18 0:00,Conventional,1.07,40741214.05,14439547.46,11289307.37,571747.72,14440611.5,10832907.44,3339214.96,268489.1
Total U.S.,3/11/18 0:00,Conventional,1.09,40449603.12,14089091.05,10758039.45,707578.82,14894893.8,11392828.89,3229556.62,272508.29
Total U.S.,3/18/18 0:00,Conventional,1.05,41386314.12,13707389.51,11061051.69,645380.85,15972492.07,11712807.19,3988101.74,271583.14
Total U.S.,3/25/18 0:00,Conventional,1.03,43409835.75,14130799.1,12125711.42,758801.12,16394524.11,12540327.19,3544729.39,309467.53
Total U.S.,4/1/18 0:00,Conventional,1.1,41109688.72,13467728.25,10744041.46,732443.87,16165475.14,11826774.74,4055704.74,282995.66
Total U.S.,4/8/18 0:00,Conventional,1.04,42964067.68,13410251.75,13040703.22,737515.63,15775597.08,10948345.06,4555612.68,271639.34
Total U.S.,4/15/18 0:00,Conventional,1.03,47098677.68,15307339.31,13807126.47,894946.43,17089265.47,12283244.61,4522004.01,284016.85
Total U.S.,4/22/18 0:00,Conventional,1.04,44313979.3,14522577.86,12709402.97,722558.85,16359439.62,11850825.63,4207588.22,301025.77
Total U.S.,4/29/18 0:00,Conventional,1.07,43856758.99,14254036.95,13240108.54,744030.09,15618583.41,11122006.81,4208203.84,288372.76
Total U.S.,5/6/18 0:00,Conventional,0.89,63716144.15,21137400.46,19900871.87,1052499.15,21625372.67,15436246.72,5840414.83,348711.12
Total U.S.,5/13/18 0:00,Conventional,1,46371245.84,15432480.06,12367251.74,759855.73,17811658.31,13110016.21,4432536.78,269105.32
Total U.S.,5/20/18 0:00,Conventional,1.02,44458798.3,15391298.2,12092088.69,736111.95,16239299.46,11427676.19,4549192.2,262431.07
Total U.S.,5/27/18 0:00,Conventional,1.03,47105314.28,15644843.58,13548819.31,793658.51,17117992.88,11620663.52,5229855.39,267473.97
Total U.S.,6/3/18 0:00,Conventional,1.07,44705039.05,15241658.25,12611264.58,828737.97,16023378.25,11035193.03,4684090.46,304094.76
Total U.S.,6/10/18 0:00,Conventional,1.03,45613372.42,15949807.24,13691955.59,753786.21,15217823.38,11228599.99,3724800.5,264422.89
Total U.S.,6/17/18 0:00,Conventional,1.09,44009084.78,14909830.72,12904472.84,782043.1,15412738.12,11486168.32,3707918.88,218650.92
Total U.S.,6/24/18 0:00,Conventional,1.04,44742749.88,14643774.28,12717017.35,1110724,16271234.25,11708299.17,4262204.76,300730.32
Total U.S.,7/1/18 0:00,Conventional,1.05,45572739.17,14978439.61,12542937.62,969238.95,17082122.99,11945298.31,4934540.62,202284.06
Total U.S.,7/8/18 0:00,Conventional,1.03,47848189.79,14624443.74,14184132.58,1169255.61,17870357.86,12817172.9,4735852.45,317332.51
Total U.S.,7/15/18 0:00,Conventional,1.07,43126773.22,13457479.92,12125207.59,908599.1,16635486.61,11924570.43,4460656.29,250259.89
Total U.S.,7/22/18 0:00,Conventional,1.1,41906916.84,12371332.55,12486290.58,1075361.84,15973931.87,10179551.8,5511074.54,283305.53
Total U.S.,7/29/18 0:00,Conventional,1.12,40512782.19,11801092.77,12818314.9,622037.56,15271336.96,10400081.31,4639008.8,232246.85
Total U.S.,8/5/18 0:00,Conventional,1.15,39427666.54,12286513.46,11712660.59,715531.93,14712960.56,10184575.88,4256128.49,272256.19
Total U.S.,8/12/18 0:00,Conventional,1.12,40901950.01,12048457.63,12657830.87,881278.72,15314382.79,10707557.83,4270142.34,336682.62
Total U.S.,8/19/18 0:00,Conventional,1.13,40735732.68,12009246.19,11634725.16,1116318.45,15975442.88,11055173.29,4500204.69,420064.9
Total U.S.,8/26/18 0:00,Conventional,1.22,36867974.58,11171123.21,11286479.97,699010.18,13711361.22,9484135.03,3930111.9,297114.29
Total U.S.,9/2/18 0:00,Conventional,1.29,36169161.57,10916802.88,10880826.3,777527.98,13594004.41,9783860.21,3485418.35,324725.85
Total U.S.,9/9/18 0:00,Conventional,1.24,37484253.75,11028194.47,11898526.09,859246.52,13698286.67,9876854.43,3505978.13,315454.11
Total U.S.,9/16/18 0:00,Conventional,1.22,35609955.39,11598586.86,9716277.38,743851.12,13551240.03,9562607.7,3684646.74,303985.59
Total U.S.,9/23/18 0:00,Conventional,1.19,34866282.28,10635595.44,10368078.03,644554.31,13218054.5,9638333.84,3294142.37,285578.29
Total U.S.,9/30/18 0:00,Conventional,1.1,37588534.16,11693993.09,10028231.18,659678.66,15206631.23,11080362.15,3869002.42,257266.66
Total U.S.,10/7/18 0:00,Conventional,1.08,38061759.66,11931876.96,10220788.39,794611.3,15114483.01,11085671.5,3792435.33,236376.18
Total U.S.,10/14/18 0:00,Conventional,1.08,36869560.39,11397965.02,10293294.29,599007.52,14579293.56,10460714.07,3928694.16,189885.33
Total U.S.,10/21/18 0:00,Conventional,1.13,34002534.69,10104600.64,9817026.08,530698.97,13550209,9914169.64,3463120.27,172919.09
Total U.S.,10/28/18 0:00,Conventional,1.01,39402226.58,12142265.3,10845124.43,549490.79,15865346.06,11437562.67,4320344.5,107438.89
Total U.S.,11/4/18 0:00,Conventional,1.01,38363282.73,12420772.32,10192035.49,528277.9,15222197.02,10602848.85,4538743.36,80604.81
Total U.S.,11/11/18 0:00,Conventional,1,39042283.34,13355863.68,10385141.1,603032.8,14698245.76,10721367.16,3865596.48,111282.12
Total U.S.,11/18/18 0:00,Conventional,1.14,29871135.02,9719228.92,7271528.37,497404.35,12382973.38,9174635.04,3103022.56,105315.78
Total U.S.,11/25/18 0:00,Conventional,1.25,21855493.69,7140335.3,6021450.19,402865.82,8290842.38,6016142.82,2183010.88,91688.68
Total U.S.,12/2/18 0:00,Conventional,1.22,27652425.62,9516477.21,7462865.75,521910.02,10151172.64,7174281.4,2895343.32,81547.92
Total U.S.,1/1/18 0:00,Organic,1.52,1243940.09,120545.76,248123.56,1279.48,873874.64,723304.51,150460.36,109.77
Total U.S.,1/7/18 0:00,Organic,1.51,1517332.7,129541.43,296490.29,1289.07,1089861.24,915452.78,174381.57,26.89
Total U.S.,1/14/18 0:00,Organic,1.59,1476651.08,145680.62,323669.83,1580.01,1005593.78,858772.69,146808.97,12.12
Total U.S.,1/21/18 0:00,Organic,1.63,1283987.65,108705.28,259172.13,1490.02,914409.26,710654.4,203526.59,228.27
Total U.S.,1/28/18 0:00,Organic,1.61,1336979.09,118616.17,280080.34,1270.61,936859.49,796104.27,140652.84,102.38
Total U.S.,2/4/18 0:00,Organic,1.53,1384683.41,117922.52,287724.61,1703.52,977084.84,774695.74,201878.69,510.41
Total U.S.,2/11/18 0:00,Organic,1.56,1317000.47,98465.26,270798.27,1839.8,945638.02,768242.42,177144,251.6
Total U.S.,2/18/18 0:00,Organic,1.52,1814929.97,246515.35,680037.45,1905.46,886241.96,783017.98,103184.01,39.97
Total U.S.,2/25/18 0:00,Organic,1.57,1459852.55,122912.97,340374.83,1063.32,994471.5,765056.82,229158.56,256.12
Total U.S.,3/4/18 0:00,Organic,1.52,1634430.77,142345.03,390129.5,1225.97,1099871.68,831885.5,267818.31,167.87
Total U.S.,3/11/18 0:00,Organic,1.52,1664234.88,129169.72,408763.5,1401.87,1124621.5,944572.5,180049,0
Total U.S.,3/18/18 0:00,Organic,1.54,1675804.22,170801.85,444949.69,1045.38,1058651.5,837351.85,221129.46,170.19
Total U.S.,3/25/18 0:00,Organic,1.55,1559967.2,121007.94,342853.1,1070.24,1093861.09,902774.79,190941.84,144.46
Total U.S.,4/1/18 0:00,Organic,1.55,1634205.97,142018.15,385226.8,1519.38,1104466.74,943423.21,161037.33,6.2
Total U.S.,4/8/18 0:00,Organic,1.55,1565215.63,133437.34,331037.4,1687.45,1098382.19,945843.86,152538.33,0
Total U.S.,4/15/18 0:00,Organic,1.51,1684002.95,133729.75,343301.42,1630,1205016.85,991437.42,213457.25,122.18
Total U.S.,4/22/18 0:00,Organic,1.5,1762657.39,172008.18,414972.24,1099.32,1174508.94,910246.88,264137.24,124.82
Total U.S.,4/29/18 0:00,Organic,1.55,1682802.87,153751.17,352293.2,1820.38,1174781.76,879278.5,295503.26,0
Total U.S.,5/6/18 0:00,Organic,1.55,1553505.77,140895.91,311885.58,1342.74,1099216.41,862135.42,237043,37.99
Total U.S.,5/13/18 0:00,Organic,1.53,1628313.11,155886.88,358982.72,1957.66,1111090.67,873501.09,237527.59,61.99
Total U.S.,5/20/18 0:00,Organic,1.51,1673877.4,136748.96,339512.94,2332.58,1182749.59,958819.25,223892.64,37.7
Total U.S.,5/27/18 0:00,Organic,1.42,2109541.63,181149.41,348179.71,2397.78,1373723.99,1054811.41,318779.77,132.81
Total U.S.,6/3/18 0:00,Organic,1.45,2114576.9,209631.96,394164.19,2382.74,1311045.39,1007876.31,302990.28,178.8
Total U.S.,6/10/18 0:00,Organic,1.52,1739840.46,148182.01,286902.54,2235.23,1182638.47,943013.17,239619.27,6.03
Total U.S.,6/17/18 0:00,Organic,1.41,2009887.76,200044.08,366668.23,2194.76,1159167.88,932509.19,226433.79,224.9
Total U.S.,6/24/18 0:00,Organic,1.5,1633962.12,163841.3,289770.82,2323.17,1071575.45,882715.58,188246.12,613.75
Total U.S.,7/1/18 0:00,Organic,1.56,1577022.49,151294.41,317193.63,2514.2,1100184.86,850168.07,249775.02,241.77
Total U.S.,7/8/18 0:00,Organic,1.57,1589877.42,153518.59,341813.38,1115.9,1092704.92,805225.83,287408.34,70.75
Total U.S.,7/15/18 0:00,Organic,1.58,1568944.98,155018.27,349923.01,1277.1,1062513.79,850384.88,212101.67,27.24
Total U.S.,7/22/18 0:00,Organic,1.57,1512027.8,107255.32,300674.54,2224.46,1101682.26,871091.43,230584.77,6.06
Total U.S.,7/29/18 0:00,Organic,1.59,1450807.92,119851.15,323668.09,2166.07,1004974.7,758763.61,246156.48,54.61
Total U.S.,8/5/18 0:00,Organic,1.55,1537041.22,118782.5,302662.98,2121.03,1113399.18,877547.7,235831.77,19.71
Total U.S.,8/12/18 0:00,Organic,1.64,1387186.89,143014.46,300616.1,2028.02,941458.73,728207.97,213199.11,51.65
Total U.S.,8/19/18 0:00,Organic,1.64,1401564.09,152939.89,297706.16,1745.31,948992.75,759918.27,189013.68,60.8
Total U.S.,8/26/18 0:00,Organic,1.65,1444798.3,166581.33,311652.3,1248.17,965140.2,830395.38,134548.43,196.39
Total U.S.,9/2/18 0:00,Organic,1.71,1556510.73,184937.59,304181.81,1242.46,1066108.68,852155.51,213468.55,484.62
Total U.S.,9/9/18 0:00,Organic,1.7,1517213.66,161144.72,278782.12,1961.65,1075193.22,894931.88,180220.19,41.15
Total U.S.,9/16/18 0:00,Organic,1.7,1449050.99,149479.52,268279.7,1517.62,1029631.66,856569.46,173053.04,9.16
Total U.S.,9/23/18 0:00,Organic,1.68,1439915.54,138270.98,268164.05,962.57,1032427.98,837568.14,194683.59,176.25
Total U.S.,9/30/18 0:00,Organic,1.67,1519326.55,127827.48,253467.17,772.71,1137180.28,911878.04,225186.05,116.19
Total U.S.,10/7/18 0:00,Organic,1.63,1561631.06,121600.32,269683,861.6,1169439.48,947582.76,221832.12,24.6
Total U.S.,10/14/18 0:00,Organic,1.57,1540282.85,123311.87,232505.14,643.46,1183773.02,980781.24,202965.68,26.1
Total U.S.,10/21/18 0:00,Organic,1.52,1498750.04,113379.25,230647.41,623.33,1154060.37,956894.57,197108.91,56.89
Total U.S.,10/28/18 0:00,Organic,1.5,1491232.38,120534.75,246729.25,511.89,1123404.15,920742.85,202601.2,60.1
Total U.S.,11/4/18 0:00,Organic,1.5,1436243.31,133539.46,257419.27,539.39,1044632.76,877016.53,167588.52,27.71
Total U.S.,11/11/18 0:00,Organic,1.49,1534804.73,147086.46,251477.54,559.52,1135599.27,986753.99,148800.45,44.83
Total U.S.,11/18/18 0:00,Organic,1.54,1652276.32,212734.08,323987.85,625.41,1114928.98,957528.55,157392.69,7.74
Total U.S.,11/25/18 0:00,Organic,1.66,1160387.64,140817.14,232897.58,449.83,786164.96,612004.35,174132.66,27.95
Total U.S.,12/2/18 0:00,Organic,1.58,1242754.19,118442.29,230167.57,748.83,893381.79,698557.18,194824.61,0
TotalUS,12/27/15,conventional,0.95,27297983.67,9626901.09,10197890.05,1184340.09,6288852.44,4850404.09,1252626.31,185822.04
TotalUS,12/20/15,conventional,0.98,25083647.17,8710021.76,9329861.85,1201020.01,5842743.55,4618389.66,1025048.77,199305.12
TotalUS,12/13/15,conventional,0.93,28041335.38,9855053.66,10805838.91,1016163.17,6364279.64,4964462.13,1371440.28,28377.23
TotalUS,12/6/15,conventional,0.89,28800396.57,9405464.36,12160838.62,931830.63,6302262.96,5005077.36,1233956.21,63229.39
TotalUS,11/29/15,conventional,0.99,22617999.38,8094803.56,9003178.41,731008.41,4789009,3901953.04,856560.34,30495.62
TotalUS,11/22/15,conventional,0.96,25114228.11,8571849.8,10389879.59,804662.83,5347835.89,4178583.45,1137229.84,32022.6
TotalUS,11/15/15,conventional,0.92,28597756.27,9907981.27,11699787.51,815641.54,6174345.95,4854619.04,1283546.73,36180.18
TotalUS,11/8/15,conventional,0.97,28485715.97,9991330.31,12199657.4,1143214.59,5151513.67,4058500.97,1027701.97,65310.73
TotalUS,11/1/15,conventional,0.97,31047484.27,10138703.85,14229286.82,1410928.18,5268565.42,3966597.25,1246220.37,55747.8
TotalUS,10/25/15,conventional,1.04,26240072.11,8683958.8,11410478.34,1188118.95,4957516.02,3918658.43,999727.7,39129.89
TotalUS,10/18/15,conventional,0.99,29375123.6,9162094.14,14082539.61,1220251.19,4910238.66,3930198.18,952191.42,27849.06
TotalUS,10/11/15,conventional,1,29216198.15,8828340.53,13326573.45,1614282.73,5447001.44,4153477.6,1221305.29,72218.55
TotalUS,10/4/15,conventional,1.02,28243505.52,8353619.97,13775651.69,1209045.07,4905188.79,3664890.84,1189350.26,50947.69
TotalUS,9/27/15,conventional,1.03,27753508.14,8454208.8,13819912.63,1061979.37,4417407.34,3476492.68,886423.93,54490.73
TotalUS,9/20/15,conventional,1.02,29569086.56,9422275.27,13846044.56,1112405.42,5188361.31,3938274.51,1183732.08,66354.72
TotalUS,9/13/15,conventional,1.03,31245835.65,9875018.48,14888077.69,1118988.92,5363750.56,4072661.53,1226810.47,64278.56
TotalUS,9/6/15,conventional,1.02,33526480.08,12569277.14,14245598.38,1129771.19,5581833.37,4363707.93,1184888.95,33236.49
TotalUS,8/30/15,conventional,1.07,29761638.48,11650976.87,11995960.83,1060352.53,5054348.25,4316352.47,685816.37,52179.41
TotalUS,8/23/15,conventional,1.08,29699845.61,11283021.31,12551529.7,909284.22,4956010.38,4318010.6,612362.43,25637.35
TotalUS,8/16/15,conventional,1.05,31936856.18,12680252.48,12998327.25,1143364.58,5114911.87,4342839.06,703542.1,68530.71
TotalUS,8/9/15,conventional,1.05,33254911.87,13003371.07,13926692.62,1014520.88,5310327.3,4391461.66,888237.91,30627.73
TotalUS,8/2/15,conventional,1.09,30358467.88,12115233.76,12219014.12,984702.75,5039517.25,4322985.19,689175.8,27356.26
TotalUS,7/26/15,conventional,1.07,30652211.08,12196225.93,12009228.05,1017157.74,5429599.36,4627251.87,779807.55,22539.94
TotalUS,7/19/15,conventional,1.07,32324647.66,12742760.17,12605457.17,1154897.34,5821532.98,4757798.96,1013834.06,49899.96
TotalUS,7/12/15,conventional,1.07,31660031.68,12384449.4,12403360.2,980361.75,5891860.33,5067198.34,796786.14,27875.85
TotalUS,7/5/15,conventional,1.04,37943670.34,15643939.37,14213650.06,1342465.95,6743614.96,5803954.33,905204.55,34456.08
TotalUS,6/28/15,conventional,1.06,32408705.7,13299568.71,11505999.24,1045832.54,6557305.21,5690216.31,846752.4,20336.5
TotalUS,6/21/15,conventional,1.02,35734613.9,14699604.93,13244466.6,1326422.56,6464119.81,5517909.51,898027.46,48182.84
TotalUS,6/14/15,conventional,0.98,37026085.75,16383685.07,12821015.03,1085081.61,6736304.04,5893641.72,822399.78,20262.54
TotalUS,6/7/15,conventional,1,36549995.66,16529797.6,12582265.21,1144715.95,6293216.9,5304562.91,943995.95,44658.04
TotalUS,5/31/15,conventional,1.03,33720159.09,15503613.33,11599634.02,903908.35,5713003.39,4967231.63,726046.25,19725.51
TotalUS,5/24/15,conventional,1.04,35344183.15,16000107.8,12513821.19,899779.92,5930474.24,5094263.38,815628.55,20582.31
TotalUS,5/17/15,conventional,1.06,32027686.15,14615941.59,11003341.22,963549.53,5444853.81,4747544.74,660983.55,36325.52
TotalUS,5/10/15,conventional,1.02,36400886.58,16215328.75,13509064.65,858145.45,5818347.73,4991625.82,816629.4,10092.51
TotalUS,5/3/15,conventional,0.96,41291704.39,17787611.93,16602589.04,1118329.5,5783173.92,4647155.48,1110987.23,25031.21
TotalUS,4/26/15,conventional,1.07,30894157.8,13833715.28,10867403.08,889732.2,5303307.24,4584203.44,687179.4,31924.4
TotalUS,4/19/15,conventional,1.03,33091256.26,14251319.31,12277858.78,1016631.26,5545446.91,4696224.79,819935.17,29286.95
TotalUS,4/12/15,conventional,1.02,32046401.64,14793354.18,11210544.11,807942.41,5234560.94,4400469.38,826567.05,7524.51
TotalUS,4/5/15,conventional,1.06,31500669.44,13939014.43,11526980.36,871981.29,5162693.36,4477299.71,666514.74,18878.91
TotalUS,3/29/15,conventional,1.04,29982648.43,12524637.04,11541041.35,811272.88,5105697.16,4487886.76,610349.2,7461.2
TotalUS,3/22/15,conventional,1.01,32513550.51,13697405.61,12659784.83,1066385.92,5089974.15,4275071.46,762527.54,52375.15
TotalUS,3/15/15,conventional,1.04,29572225.71,13149988.71,10634070.76,871575.04,4916591.2,4287621.56,614904.92,14064.72
TotalUS,3/8/15,conventional,1.02,30094698.85,13013750.35,10973972.6,834009.15,5272966.75,4583726.82,673149.42,16090.51
TotalUS,3/1/15,conventional,0.97,32994014.16,13282222.98,13733124.48,1070576.07,4908090.63,4129138.63,725218.35,53733.65
TotalUS,2/22/15,conventional,1.02,29936729.76,12628562.36,11354281.64,937138.85,5016746.91,4336247.12,667149.29,13350.5
TotalUS,2/15/15,conventional,1.03,28012520.93,12626615.3,9783489.59,845653.52,4756762.52,4096226.46,648632,11904.06
TotalUS,2/8/15,conventional,0.95,32137333.01,13308193.4,13381347.54,737939.45,4709852.62,4022474.85,673453.54,13924.23
TotalUS,2/1/15,conventional,0.89,44655461.51,18933038.04,18956479.74,1381516.11,5384427.62,4216452.03,1121076.47,46899.12
TotalUS,1/25/15,conventional,1.04,28470310.84,12167445.03,10734652.82,768020.05,4800192.94,3978636.9,812924.73,8631.31
TotalUS,1/18/15,conventional,1.03,29043458.85,11858139.34,11701947.8,831301.9,4652069.81,3873041.26,771093.2,7935.35
TotalUS,1/11/15,conventional,1.01,29063542.75,11544810.53,12134773.38,866574.66,4517384.18,3783261.16,718333.87,15789.15
TotalUS,1/4/15,conventional,0.95,31324277.73,12357161.34,13624083.05,844093.32,4498940.02,3585321.58,894945.63,18672.81
TotalUS,12/25/16,conventional,1,30287853.7,9255125.2,10282925.61,541972.42,10207830.47,7709584.33,2417144.92,81101.22
TotalUS,12/18/16,conventional,0.96,29583882.61,9394065.91,10339168.2,427872.42,9422776.08,6970320.34,2358443.96,94011.78
TotalUS,12/11/16,conventional,0.98,30093540.7,9009996.11,9967220.02,403047.93,10713276.64,8149438.75,2490495.07,73342.82
TotalUS,12/4/16,conventional,1,31621221.9,11043350.9,9908982.97,428009.84,10240878.19,7187022.58,2988504.98,65350.63
TotalUS,11/27/16,conventional,1.21,22923062.65,7891487.94,7337341.77,344475.9,7349757.04,5691266.56,1609867.2,48623.28
TotalUS,11/20/16,conventional,1.27,24989702.75,8531160.52,8033510.82,407567.78,8017463.63,6207080.46,1765673.77,44709.4
TotalUS,11/13/16,conventional,1.36,24075126.49,8235135.43,7759608.21,477520.95,7602861.9,5602593.66,1957163.93,43104.31
TotalUS,11/6/16,conventional,1.44,22534698.38,7804252.91,7126936.31,505349.44,7098159.72,5245066.66,1812174.32,40918.74
TotalUS,10/30/16,conventional,1.43,21009730.21,7100458.82,6852046.35,453145.26,6604079.78,4655045.62,1882750.65,66283.51
TotalUS,10/23/16,conventional,1.34,24753513.95,7579629.06,8104522.26,452383.96,8616978.67,6508666.81,2016513.03,91798.83
TotalUS,10/16/16,conventional,1.3,27707046.82,8810664.45,8855072.75,447291.48,9594018.14,6934368.93,2575095.84,84553.37
TotalUS,10/9/16,conventional,1.27,28857581.98,9552502.48,9579338.98,490956.88,9234783.64,6849126.9,2316377.99,69278.75
TotalUS,10/2/16,conventional,1.23,29615008.49,9534915.56,9123897.74,490123.01,10466072.18,7408765.9,2981275.76,76030.52
TotalUS,9/25/16,conventional,1.22,30305112.89,10548061.13,9255913.78,492604.3,10008533.68,7440444.59,2476400.79,91688.3
TotalUS,9/18/16,conventional,1.15,31346091.46,11337829.1,9481313.14,486187.39,10040761.83,7649502.34,2311262.99,79996.5
TotalUS,9/11/16,conventional,1.08,34126730.95,12962762.94,10380438.09,512160.27,10271369.65,8199580.75,2016484.84,55304.06
TotalUS,9/4/16,conventional,1.04,37130688.91,14643465.52,11083513.46,540680.89,10863029.04,8555283.68,2214419.29,93326.07
TotalUS,8/28/16,conventional,1.09,33993931.31,12561055.5,10420973,563738.54,10448164.27,8503870.88,1785021.92,159271.47
TotalUS,8/21/16,conventional,1.1,33592097.72,12725249.3,9906498.51,609720.87,10350629.04,8749239.27,1446381.11,155008.66
TotalUS,8/14/16,conventional,1.12,34386177.3,12352932.68,10879341.61,749247.02,10404655.99,8479506.83,1813210.6,111938.56
TotalUS,8/7/16,conventional,1.15,33819909.09,12197105.36,10731379.56,754548.53,10136875.64,8386276.39,1569550.49,181048.76
TotalUS,7/31/16,conventional,1.23,31201590.22,10168972.37,10423957.83,783937.09,9824722.93,8193011.02,1431744.52,199967.39
TotalUS,7/24/16,conventional,1.2,32339377.09,10331314.28,10795751.15,947964.05,10264347.61,8315738.7,1561208.69,387400.22
TotalUS,7/17/16,conventional,1.15,32656123.63,10320463.27,10628872.6,953631.47,10753156.29,8737861.29,1624816.27,390478.73
TotalUS,7/10/16,conventional,1.1,35567568.43,11457080.38,11677528,1266433.97,11166526.08,8984513.63,1727668.8,454343.65
TotalUS,7/3/16,conventional,1.06,39993186.04,12508937.27,13315901.42,1761343.08,12407004.27,9967538.34,1887772.28,551693.65
TotalUS,6/26/16,conventional,1.04,36617023.79,12189035.17,12029918.6,1624942.43,10773127.59,8834969.52,1609568.98,328589.09
TotalUS,6/19/16,conventional,1.02,38489936.14,13488851.61,12842698.33,1642735.63,10515650.57,8223280.88,1975350.75,317018.94
TotalUS,6/12/16,conventional,1.04,35580820,12291686.69,11533969.83,1607344.08,10147819.4,8039865.67,1796513.74,311439.99
TotalUS,6/5/16,conventional,0.97,40231259.65,13808859.16,13396651.73,1770948.09,11254800.67,8492744.45,2441022.99,321033.23
TotalUS,5/29/16,conventional,0.94,40019075.24,13682611.21,13829591.06,1583495.93,10923377.04,8085657.41,2657598.78,180120.85
TotalUS,5/22/16,conventional,0.93,36958035.51,11711999.81,12981224.42,1640829.4,10623981.88,7835766.14,2563223.75,224991.99
TotalUS,5/15/16,conventional,0.89,39914996.74,12447598.49,14437190.03,1753852.61,11276355.61,7987028.55,3143280.05,146047.01
TotalUS,5/8/16,conventional,0.82,46324529.7,14223304.98,17896391.6,1993645.36,12211187.76,8747756.84,3342780.83,120650.09
TotalUS,5/1/16,conventional,0.84,42867608.54,13748944.38,15899858.37,1414364.49,11804441.3,8376124.32,3365582.11,62734.87
TotalUS,4/24/16,conventional,0.87,39607695.3,12913697.19,14382184.8,1599863.98,10711949.33,7835835.83,2801102.86,75010.64
TotalUS,4/17/16,conventional,0.9,37467885.19,11954487.56,12896366.58,1896149.5,10720881.55,8128710.21,2467001.94,125169.4
TotalUS,4/10/16,conventional,0.9,36584029.39,12879820.47,11538132.36,1666275.13,10499801.43,7808770.98,2613293.43,77737.02
TotalUS,4/3/16,conventional,0.94,33668450.55,11320969.79,11512621.85,1731910.48,9102948.43,6830380.18,2213379.44,59188.81
TotalUS,3/27/16,conventional,0.94,35930195.92,11249198.4,12745266.73,1880231.38,10055499.41,7745105.36,2228007.91,82386.14
TotalUS,3/20/16,conventional,0.93,36335483.78,11134390.98,13727453.57,1773088.87,9700550.36,7248857.68,2374053.89,77638.79
TotalUS,3/13/16,conventional,0.93,36374516.14,11661687.44,13104887.66,1800065.57,9807875.47,7231162.6,2521123.87,55589
TotalUS,3/6/16,conventional,0.95,35064506.04,11824154.63,12196587.24,1686475.33,9357288.84,7502570.03,1747903.69,106815.12
TotalUS,2/28/16,conventional,0.91,36801817.68,11907394.72,13210854.56,1560167.75,10123400.65,7251666.99,2802238.74,69494.92
TotalUS,2/21/16,conventional,0.94,32804733.22,10015825.13,12003751.56,1375260.47,9409896.06,7213492.61,2150749.43,45654.02
TotalUS,2/14/16,conventional,0.88,36476441.86,11913078.3,13187973.29,1811090.71,9564299.56,7102422.27,2387455.67,74421.62
TotalUS,2/7/16,conventional,0.76,52288697.89,16573573.78,20470572.61,2546439.11,12698112.39,9083373.04,3373077.87,241661.48
TotalUS,1/31/16,conventional,0.93,34721249.92,11098088.49,13278053.61,1643703.17,8701404.65,6684515.27,1823889.58,192999.8
TotalUS,1/24/16,conventional,0.95,32787079.21,7020459,14054367.5,1440380.36,10271872.35,7438489.6,2668368.01,165014.74
TotalUS,1/17/16,conventional,0.94,34426341.87,10036597.84,13832256.04,1419405.62,9138082.37,6846324.06,2228420.91,63337.4
TotalUS,1/10/16,conventional,0.93,35264336.01,11441286.89,13226088.66,1282612.91,9314347.55,6735384.32,2528089.14,50874.09
TotalUS,1/3/16,conventional,0.86,38142088.04,11616506.17,16054083.86,1560068.62,8911429.39,6464895.83,2287449.76,159083.8
TotalUS,12/31/17,conventional,0.98,38267341.61,13109617.49,13197460.59,644837.54,11315425.99,8092355.2,3098373.91,124696.88
TotalUS,12/24/17,conventional,1.18,29102349.33,10027319.18,8964247.34,546373.81,9564409,7222270.69,2226794.39,115343.92
TotalUS,12/17/17,conventional,1.07,30757767.03,10704214.26,9934618.43,574089.32,9544845.02,7149680.01,2260602.86,134562.15
TotalUS,12/10/17,conventional,1.03,35634913.01,11943914.54,11659897.51,398348.55,11632752.41,8404955.25,3122650.26,105146.9
TotalUS,12/3/17,conventional,1.09,33824253,11746980,10905968,583801,10587491,7730801,2748622,108068
TotalUS,11/26/17,conventional,1.24,24686675,9175316,7312239,379637,7819483,5571801,2156887,90795
TotalUS,11/19/17,conventional,1.17,29253484,11173132,7847059,416186,9817108,6662322,3059627,95159
TotalUS,11/12/17,conventional,1.15,32336225,11512837,9994648,416643,10412097,7277327,3044847,89923
TotalUS,11/5/17,conventional,1.19,32051594.24,11042128.27,9774987.75,400250.97,10834227.25,7470394.42,3275463.49,88369.34
TotalUS,10/29/17,conventional,1.29,30237911.23,10596902.91,9803569.58,424755.66,9412683.08,6602082.25,2747519.87,63080.96
TotalUS,10/22/17,conventional,1.44,26706971.51,9607586.96,8761192.74,409598.47,7928593.34,6074596.23,1804539.66,49457.45
TotalUS,10/15/17,conventional,1.58,25031589.09,8769357.86,8534404.17,392119.12,7335707.94,5387869.35,1893510.99,54327.6
TotalUS,10/8/17,conventional,1.65,24397166.19,8911144.2,7609509.9,391832.89,7484679.2,5444021.28,1976738.84,63919.08
TotalUS,10/1/17,conventional,1.64,24610645.21,8342407.59,8354516.32,384794.18,7528927.12,5513111.7,1954129.38,61686.04
TotalUS,9/24/17,conventional,1.62,24637148.38,8652381.39,8295761.93,385004.72,7304000.34,5442167.06,1792564.59,69268.69
TotalUS,9/17/17,conventional,1.57,25394902.82,9153158.54,8328241.87,417270.7,7496231.71,5494163.7,1923561.42,78506.59
TotalUS,9/10/17,conventional,1.56,26385081.36,9496485.27,8373234.08,487926.52,8027435.49,6035666.24,1818832.48,172936.77
TotalUS,9/3/17,conventional,1.57,26808410.65,9775062.87,8565265.61,541902.88,7926179.29,5851814.47,1855970.25,218394.57
TotalUS,8/27/17,conventional,1.47,28785279.75,10735709.61,8587105.6,517541.94,8944922.6,6592504,2117565.5,234853.1
TotalUS,8/20/17,conventional,1.41,29913744.37,10507928.78,8837219.28,581074.35,9987521.96,6837126.12,2911554.48,238841.36
TotalUS,8/13/17,conventional,1.33,32817254.13,10952703.84,11154310.29,624963.41,10085276.59,6687661.77,3118889.17,278725.65
TotalUS,8/6/17,conventional,1.33,32529920.23,11292580.44,10988313.58,665312.55,9583713.66,6889925.78,2376269.93,317517.95
TotalUS,7/30/17,conventional,1.32,31756097.22,11112191.11,11088082.78,596676.12,8959147.21,6337457.44,2396438.66,225251.11
TotalUS,7/23/17,conventional,1.31,32608301.51,11391055.98,11339580.43,612242.37,9265422.73,6333888.33,2636616.32,294918.08
TotalUS,7/16/17,conventional,1.33,32455047.11,11155465.9,11202844.97,756103.12,9340633.12,6514899.46,2499385.51,326348.15
TotalUS,7/9/17,conventional,1.17,39367336.18,13009944.14,11031218.25,821964.42,14504209.37,11112405.61,3018280.29,373523.47
TotalUS,7/2/17,conventional,1.21,38010426.16,12623188.5,10988734.57,859889.81,13538613.28,10041243.95,3119708.27,377661.06
TotalUS,6/25/17,conventional,1.17,37305307.68,12901031.63,10805961.74,655965.98,12942348.33,9462413.18,3202253.91,277681.24
TotalUS,6/18/17,conventional,1.18,38247669.33,12975373.48,11199448.6,807107.21,13265740.04,9650858.66,3267491.24,347390.14
TotalUS,6/11/17,conventional,1.21,37039853.8,13490545.5,10090861.46,648410.9,12810035.94,9373421.78,3128713.2,307900.96
TotalUS,6/4/17,conventional,1.24,37352360.59,13248334.78,10157565.24,667066.51,13279394.06,10103007.01,2946264.52,230122.53
TotalUS,5/28/17,conventional,1.28,37030893.73,12841952.21,10932970.72,673384.78,12582586.02,9312239.39,3013459.42,256887.21
TotalUS,5/21/17,conventional,1.26,34397651.15,12120948.7,10213231.95,621603.57,11441866.93,8508442.17,2718685.22,214739.54
TotalUS,5/14/17,conventional,1.19,36634269.03,12807836.17,9717257.8,652973.26,13456201.8,10373347.62,2859413.59,223440.59
TotalUS,5/7/17,conventional,1.09,47293921.6,17076650.82,13549102.59,863471.88,15804696.31,11228049.63,4324231.19,252415.49
TotalUS,4/30/17,conventional,1.18,38315500.43,13316594.36,11291149.13,667996.83,13039760.11,9463810.58,3378923.98,197025.55
TotalUS,4/23/17,conventional,1.18,35729013.92,12236713.41,10224484.11,613507.38,12654309.02,9051466.83,3434846.78,167995.41
TotalUS,4/16/17,conventional,1.23,35182320.78,12311055.17,10069354.29,650017.26,12151894.06,9399104.79,2544942.74,207846.53
TotalUS,4/9/17,conventional,1.21,34785712.55,12091315.22,10821096.24,647969.03,11225332.06,8946792.83,2098142.94,180396.29
TotalUS,4/2/17,conventional,1.21,34468017.36,12245520.55,9733584.68,624709.69,11864202.44,9385516.28,2330300.27,148385.89
TotalUS,3/26/17,conventional,1.24,32555119.32,11737559.6,9664310.82,611105.54,10542143.36,8498317.81,1844371.94,199453.61
TotalUS,3/19/17,conventional,1.25,31595125.23,10975689.78,9622711.73,638217.85,10358505.87,8202242.37,2000176.08,156087.42
TotalUS,3/12/17,conventional,1.22,32020573.94,11228357.23,9575227.17,727233.05,10489756.49,8207585.25,2124294.41,157876.83
TotalUS,3/5/17,conventional,1.13,33684175.01,11335275.58,10807889.59,795173.2,10745836.64,8302600.77,2322677.19,120558.68
TotalUS,2/26/17,conventional,0.99,37007797.69,13173668.36,11398142.68,896761.77,11539224.88,8945888.88,2405733.76,187602.24
TotalUS,2/19/17,conventional,0.99,33905854.58,11321732.4,10351148.2,832906.12,11400067.86,8676989.56,2576166.71,146911.59
TotalUS,2/12/17,conventional,0.87,41077470.65,15051951.54,12184188.37,862322.15,12979008.59,9922489.84,2919324.45,137194.3
TotalUS,2/5/17,conventional,0.77,61034457.1,22743616.17,20328161.55,1664383.09,16298296.29,12567155.58,3618270.75,112869.96
TotalUS,1/29/17,conventional,0.96,39373579.25,14034075.77,11683464.54,818727.02,12837311.92,9918255.52,2799960.74,119095.66
TotalUS,1/22/17,conventional,0.94,42140393.39,14254150.46,14212881.66,908616.41,12764744.86,9462853.82,3231019.56,70871.48
TotalUS,1/15/17,conventional,0.98,38295488.31,12936858.36,12625665.39,579346.52,12153618.04,9445622.04,2638918.48,69077.52
TotalUS,1/8/17,conventional,0.99,38049802.62,11809727.7,13856934.7,539068.39,11844071.83,9332971.74,2432259.13,78840.96
TotalUS,1/1/17,conventional,0.89,38879716.85,12707894.99,14201200.68,549844.57,11420776.61,8551133.56,2802709.32,66933.73
TotalUS,3/25/18,conventional,1.03,43409835.75,14130799.1,12125711.42,758801.12,16394524.11,12540327.19,3544729.39,309467.53
TotalUS,3/18/18,conventional,1.05,41386314.12,13707389.51,11061051.69,645380.85,15972492.07,11712807.19,3988101.74,271583.14
TotalUS,3/11/18,conventional,1.09,40449603.12,14089091.05,10758039.45,707578.82,14894893.8,11392828.89,3229556.62,272508.29
TotalUS,3/4/18,conventional,1.07,40741214.05,14439547.46,11289307.37,571747.72,14440611.5,10832907.44,3339214.96,268489.1
TotalUS,2/25/18,conventional,1.06,40021528.76,13829857.87,10415463.59,724330.16,15051877.14,10666942.78,4081397.72,303536.64
TotalUS,2/18/18,conventional,1.08,36709887.49,13262751.42,10491918.44,552969.73,12402247.9,9023351.68,3151157.42,227738.8
TotalUS,2/11/18,conventional,0.97,43167806.09,15870677.7,11541844.87,652856.58,15102426.94,10844852.22,4023485.04,234089.68
TotalUS,2/4/18,conventional,0.87,62505646.52,21620180.9,20445501.03,1066830.22,19373134.37,13384586.8,5719096.61,269450.96
TotalUS,1/28/18,conventional,1.09,40171640.84,14551799.5,12119884.61,575974.74,12923981.99,9749412.19,3041125.42,133444.38
TotalUS,1/21/18,conventional,1.08,42939821.55,14218843.83,13929702.12,928815.12,13862460.48,9866218.28,3789722.9,206519.3
TotalUS,1/14/18,conventional,1.2,37299945.22,12600918.24,11866197.84,652808.4,12180020.74,8128241.88,3917569.95,134208.91
TotalUS,1/7/18,conventional,1.13,36703156.72,13730992.75,10781339.21,677714.86,11513109.9,8231766.23,3130919.1,150424.57
TotalUS,12/27/15,organic,1.52,549787.59,89709.92,206198.62,5836.04,248043.01,142262.93,105780.08,0
TotalUS,12/20/15,organic,1.53,531478.24,93849.3,205909.13,8733.11,222986.7,130418.73,92567.97,0
TotalUS,12/13/15,organic,1.43,624300.31,91837.92,222314.6,11645.54,298502.25,149767.8,148734.45,0
TotalUS,12/6/15,organic,1.52,514112.96,90203.21,212582.74,4066.09,207260.92,108684.49,98576.43,0
TotalUS,11/29/15,organic,1.5,507830.81,79215.51,208733.32,3749.48,216132.5,91658.24,124474.26,0
TotalUS,11/22/15,organic,1.49,584276.79,95222.99,249686.75,3686.28,235680.77,99537.47,136143.3,0
TotalUS,11/15/15,organic,1.6,511347.26,109494.19,225216.4,3599.71,173036.96,120815.93,52221.03,0
TotalUS,11/8/15,organic,1.54,605197.12,167254.55,249160.89,4458.45,184323.23,124419.8,59903.43,0
TotalUS,11/1/15,organic,1.47,647789.17,113380.29,262559.59,6583.03,265266.26,139244.36,126021.9,0
TotalUS,10/25/15,organic,1.62,560830.54,109006.18,244222.97,6181.13,201420.26,116814.8,84605.46,0
TotalUS,10/18/15,organic,1.71,518034.86,108697.64,224038.49,5199.73,180099,101575.52,78523.48,0
TotalUS,10/11/15,organic,1.69,519892.67,93015.27,230653.61,4792.06,191431.73,101953.72,89478.01,0
TotalUS,10/4/15,organic,1.72,557392.73,95393.58,269237.06,4093.2,188668.89,106372.09,82296.8,0
TotalUS,9/27/15,organic,1.75,501814.87,114590.38,238175.26,4546.66,144502.57,81095.01,63407.56,0
TotalUS,9/20/15,organic,1.77,515240.82,126318.13,244950.88,4880.83,139090.98,91117.47,47973.51,0
TotalUS,9/13/15,organic,1.8,552059.64,133928.36,251786.63,5154.23,161190.42,108342.83,52847.59,0
TotalUS,9/6/15,organic,1.78,593797.17,132181.77,271784.99,5890.57,183939.84,122146.97,61792.87,0
TotalUS,8/30/15,organic,1.66,670005.94,150924.97,325442.96,5569.76,188068.25,113122.37,74945.88,0
TotalUS,8/23/15,organic,1.72,666276.26,176723.74,298092.6,5985.12,185474.8,119991.27,65483.53,0
TotalUS,8/16/15,organic,1.75,644689.71,150876.8,310229.77,6215.26,177367.88,107593.62,69774.26,0
TotalUS,8/9/15,organic,1,625259,170184,269330,6905,178838,126058,52779,0
TotalUS,8/2/15,organic,1,573873,164126,263359,5115,141271,93120,48151,0
TotalUS,7/26/15,organic,1,580826,169940,266249,4391,140244,71807,68436,0
TotalUS,7/19/15,organic,1,650389,159752,317728,4758,168149,81667,86482,0
TotalUS,7/12/15,organic,1,608845,178871,267353,5093,157526,80220,77305,0
TotalUS,7/5/15,organic,1,668233,205073,304597,6251,152309,88261,64048,0
TotalUS,6/28/15,organic,1.64,659947.03,192182.13,332739.27,5956.87,129068.76,80006.4,49062.36,0
TotalUS,6/21/15,organic,1.66,638192.89,202071.06,304368.47,6264.36,125489,76906.18,48582.82,0
TotalUS,6/14/15,organic,1.68,646098.42,203021.68,278912.22,6901.71,157262.81,106154.26,51108.55,0
TotalUS,6/7/15,organic,1.67,640448.59,200483.4,264482.87,6286.15,169196.17,109859.75,59336.42,0
TotalUS,5/31/15,organic,1.58,716942.71,205250.19,333300.63,6835.09,171556.8,117664.54,53892.26,0
TotalUS,5/24/15,organic,1.59,714266.31,234692.14,293553.99,6911.26,179108.92,116181.11,62927.81,0
TotalUS,5/17/15,organic,1.5,761972.65,246278.31,312193.09,22024.09,181477.16,120662.4,60814.76,0
TotalUS,5/10/15,organic,1.42,861671.11,251602.18,349907.52,6213.47,253947.94,127774.24,126173.7,0
TotalUS,5/3/15,organic,1.37,912681.57,323883.65,380650.64,8951.77,199195.51,119498.18,79697.33,0
TotalUS,4/26/15,organic,1.45,872239.07,321733.2,379382.1,6150.07,164973.7,113575.79,51397.91,0
TotalUS,4/19/15,organic,1.59,675907.97,215283.51,301783.5,6465.74,152375.22,113428.19,38947.03,0
TotalUS,4/12/15,organic,1.53,810018.27,202491.27,428607.3,6179.48,172740.22,117569.14,55171.08,0
TotalUS,4/5/15,organic,1.63,661842.02,197746.89,275595.72,6434.88,182064.53,131692.64,50371.89,0
TotalUS,3/29/15,organic,1.6,674551.02,193273.88,324919.62,5794.39,150563.13,113703.56,36859.57,0
TotalUS,3/22/15,organic,1.49,682640.03,237139.46,320353.82,5290.59,119856.16,83554.82,36301.34,0
TotalUS,3/15/15,organic,1.5,644584.67,235569.01,258475.58,5308.79,145231.29,109325.32,35905.97,0
TotalUS,3/8/15,organic,1.49,783913.05,253078.17,327972.28,5658.7,197203.9,169302.64,27901.26,0
TotalUS,3/1/15,organic,1.4,814484.79,361996.84,275458.57,5556.02,171473.36,148488.14,22985.22,0
TotalUS,2/22/15,organic,1.51,673446.69,272594.88,230342.87,4883.55,165625.39,133314.63,32310.76,0
TotalUS,2/15/15,organic,1.58,616177,207650.64,228653.33,4950.01,174923.02,140602,34321.02,0
TotalUS,2/8/15,organic,1.48,730874.31,215657.99,273897.84,5316.55,236001.93,179887.47,56114.46,0
TotalUS,2/1/15,organic,1.36,740896.97,302561.47,259286.44,5852.28,173196.78,129953.15,43243.63,0
TotalUS,1/25/15,organic,1.53,556368.86,207494.87,212312.02,4753.87,131808.1,95964.83,35843.27,0
TotalUS,1/18/15,organic,1.42,713120,254319.58,311811.01,4020.85,142968.56,101850.23,41118.33,0
TotalUS,1/11/15,organic,1.42,669528.88,270966.74,260971.6,3830.42,133760.12,106844.49,26915.63,0
TotalUS,1/4/15,organic,1.46,612910.15,233286.13,216611.2,4370.99,158641.83,115068.71,43573.12,0
TotalUS,12/25/16,organic,1.34,914035.42,93875.25,250138.66,3415.27,566606.24,330909.02,235697.22,0
TotalUS,12/18/16,organic,1.43,797042.27,97661.23,248598.14,4926.76,445856.14,279458.24,166397.9,0
TotalUS,12/11/16,organic,1.42,856795.63,93027.82,248303.87,6116.44,509347.5,293760.79,215586.71,0
TotalUS,12/4/16,organic,1.56,832767.55,106472.53,242055.86,2918.28,481320.88,284858.65,196462.23,0
TotalUS,11/27/16,organic,1.64,761675.87,100240.54,198874.09,3381.69,459179.55,292770.32,166409.23,0
TotalUS,11/20/16,organic,1.63,860320.59,110737.55,233518.72,3847.05,512217.27,319112.58,193104.69,0
TotalUS,11/13/16,organic,1.7,863948.15,110018.79,257268.83,3669.98,492990.55,322666.23,170324.32,0
TotalUS,11/6/16,organic,1.68,897671.29,117317.9,266018.89,5049.63,509284.87,284638.32,224646.55,0
TotalUS,10/30/16,organic,1.93,647723.55,123815.8,279842.5,5661.78,238403.47,180631.31,57772.16,0
TotalUS,10/23/16,organic,1.63,699763.35,131203.12,241758.21,4363.02,322439,168962.6,153476.4,0
TotalUS,10/16/16,organic,1.5,815859.49,114303.56,243788.95,4732.27,453034.71,250864.4,202170.31,0
TotalUS,10/9/16,organic,1.52,878367.41,127092.78,266687.47,5103.42,479483.74,289726.54,189757.2,0
TotalUS,10/2/16,organic,1.71,790926.03,131467.24,272293.48,4904.25,382261.06,282727.98,99533.08,0
TotalUS,9/25/16,organic,1.69,808891.94,119993.58,272553.74,4407.75,411936.87,289496.36,122440.51,0
TotalUS,9/18/16,organic,1.67,871627.58,127014.67,266648.5,4597.27,473367.14,359599.26,113767.88,0
TotalUS,9/11/16,organic,1.52,1103488.85,144991.21,334671.53,3481.85,620344.26,438024.44,182319.82,0
TotalUS,9/4/16,organic,1.54,1052088.77,137842.79,344378.75,4653.04,565214.19,415589.66,149624.53,0
TotalUS,8/28/16,organic,1.49,948530.88,135742.77,316907.28,5110.77,490770.06,345580.78,145189.28,0
TotalUS,8/21/16,organic,1.51,1033169.7,177591.96,308314.91,5831.02,541431.81,458921.84,82509.97,0
TotalUS,8/14/16,organic,1.48,1093287.79,186697.3,341463.72,10231.17,554895.6,459261.24,95634.36,0
TotalUS,8/7/16,organic,1.55,1012237.01,151179.99,332421.63,10707.18,517928.21,313872.28,204055.93,0
TotalUS,7/31/16,organic,1.58,946087.81,156417.33,328942.12,9035.27,451693.09,320652.23,131040.86,0
TotalUS,7/24/16,organic,1.65,919489.84,159151.31,343780.56,8612.44,407945.53,329530.26,78415.27,0
TotalUS,7/17/16,organic,1.63,1018118.27,152828.51,359772.18,9957.61,495559.97,346531.83,149028.14,0
TotalUS,7/10/16,organic,1.51,1043428.53,152994.7,355101.22,12180.53,523152.08,379451.98,143700.1,0
TotalUS,7/3/16,organic,1.47,1073595.37,159903,381527.15,11897.11,520268.11,350794.25,169473.86,0
TotalUS,6/26/16,organic,1.5,1007378.78,171054.38,391129.07,6763.46,438431.87,310467.62,127964.25,0
TotalUS,6/19/16,organic,1.45,1071066.66,166983.45,445194.49,12052.84,446835.88,302393.63,144442.25,0
TotalUS,6/12/16,organic,1.45,975275.55,176286.36,403561.49,8626.89,386800.81,279246.87,107553.94,0
TotalUS,6/5/16,organic,1.43,1012717.93,152105.91,410451.71,7817.11,442343.2,310881.84,131461.36,0
TotalUS,5/29/16,organic,1.41,1085152.56,137449.41,468311.32,13698.09,465693.74,349592.45,116101.29,0
TotalUS,5/22/16,organic,1.36,1165715.01,166883.21,455336.56,15807.85,527687.39,370815.25,156872.14,0
TotalUS,5/15/16,organic,1.45,1023252.17,146037.3,437584.52,8120.53,431509.82,309561.79,121948.03,0
TotalUS,5/8/16,organic,1.3,1137940.78,132225.28,443777.31,26765.78,535172.41,319417.49,215754.92,0
TotalUS,5/1/16,organic,1.28,1317867,238992.91,484383.87,22276.6,572213.62,368709.06,203504.56,0
TotalUS,4/24/16,organic,1.25,1475457.53,225429.09,524511.95,8687.81,716828.68,555986.43,160842.25,0
TotalUS,4/17/16,organic,1.38,1022217.32,115155.65,388081.34,7878.94,511101.39,352484.76,158616.63,0
TotalUS,4/10/16,organic,1.26,1179603.03,108747.34,400281.85,12154.73,658419.11,368458.82,289960.29,0
TotalUS,4/3/16,organic,1.44,930722.39,119283.9,371845.6,8628.68,430964.21,289504.38,141459.83,0
TotalUS,3/27/16,organic,1.44,900644.79,112620.05,338194.18,7738.95,442091.61,263938.32,178153.29,0
TotalUS,3/20/16,organic,1.27,1045450.41,105069.07,352698.21,9425.64,578257.49,252881.52,325375.97,0
TotalUS,3/13/16,organic,1.29,1023655.87,132040.04,346341.46,6709.65,538564.72,282353.48,256211.24,0
TotalUS,3/6/16,organic,1.28,1012415.85,127184.88,351951.65,5698.2,527581.12,309561.6,218019.52,0
TotalUS,2/28/16,organic,1.44,845011.63,110120.49,347488.78,10423.3,376979.06,277995.45,98983.61,0
TotalUS,2/21/16,organic,1.45,738856.92,104135.94,281188.89,8629.03,344903.06,223281.18,121621.88,0
TotalUS,2/14/16,organic,1.37,852463.31,102897.63,306235.69,6955.69,436374.3,201936.87,234437.43,0
TotalUS,2/7/16,organic,1.44,758795.1,101408.79,290813.54,8028.75,358544.02,210519.67,148024.35,0
TotalUS,1/31/16,organic,1.43,772077.2,108929.21,269687.52,5515.91,387944.56,204288.83,183655.73,0
TotalUS,1/24/16,organic,1.41,776964.55,99316.69,270980.88,12933.97,393733.01,204859.71,188873.3,0
TotalUS,1/17/16,organic,1.44,695341.42,115992.81,266824.72,13106.29,299417.6,150719.73,148697.87,0
TotalUS,1/10/16,organic,1.35,828670.59,113867.63,287590.19,8771.79,418440.98,183115.43,235325.55,0
TotalUS,1/3/16,organic,1.43,704100.5,124799.63,246580.95,7749.4,324970.52,150967.35,174003.17,0
TotalUS,12/31/17,organic,1.52,1243940.09,120545.76,248123.56,1279.48,873874.64,723304.51,150460.36,109.77
TotalUS,12/24/17,organic,1.64,1179930.12,103199.55,247166.08,1143.57,828217.63,700331.83,127746.86,138.94
TotalUS,12/17/17,organic,1.57,1148617.16,94905.86,248498.73,982.45,803682.1,673202.55,130360.58,118.97
TotalUS,12/10/17,organic,1.54,1217680.36,94279.26,258003.98,1003.84,863843.93,647239.76,216359.41,244.76
TotalUS,12/3/17,organic,1.62,1119325,99317.88,269450.85,1108.2,749121.8,592524.24,156438.84,158.72
TotalUS,11/26/17,organic,1.72,957800.72,77759.93,204612.15,978.29,673887.41,574547.2,99074.42,265.79
TotalUS,11/19/17,organic,1.77,967886.13,88110.88,213230.36,834.3,665229.98,587077.23,77963.17,189.58
TotalUS,11/12/17,organic,1.81,1044591.43,93312.94,217612.9,1074.64,732279.99,643083.53,89180.07,16.39
TotalUS,11/5/17,organic,1.82,1068530.09,88073.16,244925.18,1059.63,733972.36,648557.69,85378.96,35.71
TotalUS,10/29/17,organic,1.84,1123703.61,88668.95,218858.34,1150.03,814723.26,718162,96481.09,80.17
TotalUS,10/22/17,organic,1.82,1180823.79,89301.75,229689.25,1309.82,860336.8,767148.14,93130.75,57.91
TotalUS,10/15/17,organic,1.85,1172057.19,103557.18,218881.54,1369.62,848040.34,771105.65,76927.27,7.42
TotalUS,10/8/17,organic,1.9,1164140.49,100744.58,231652.64,1224.99,830309.99,771846.48,58417.76,45.75
TotalUS,10/1/17,organic,1.95,1072521.35,100319.38,230053.24,1966.94,739701.61,658536.46,81088.57,76.58
TotalUS,9/24/17,organic,1.94,1125443.38,116338.61,237876.77,1182.85,769536.9,639021.62,130401.43,113.85
TotalUS,9/17/17,organic,2,1074567.7,140979.17,243233.57,891.6,689301.75,582096.9,107163.76,41.09
TotalUS,9/10/17,organic,2.03,1093955.66,114942.21,249231.14,940.89,728658.92,622445.79,106080.9,132.23
TotalUS,9/3/17,organic,2.06,1075538.53,113516,256920.07,2256.96,702628.91,571725.58,130801.89,101.44
TotalUS,8/27/17,organic,2.09,1045992.02,112812.39,250861.84,2119.14,680088.21,588832.95,91249.96,5.3
TotalUS,8/20/17,organic,1.96,1071538.25,108658.66,262747.8,1154.19,698734.9,608822.05,89904.05,8.8
TotalUS,8/13/17,organic,1.88,1014709.07,98007.24,230106.14,1414.21,684998.04,612544.62,72449.02,4.4
TotalUS,8/6/17,organic,1.83,1059971.14,112592.04,236015.15,1552.51,709619.31,598479.83,111139.48,0
TotalUS,7/30/17,organic,1.78,1091590.78,100332.24,270534.58,2135.74,718295.3,594392.07,123903.23,0
TotalUS,7/23/17,organic,1.76,1214158.19,113467.66,317184.04,3700.92,779486.6,624771.07,154712.59,2.94
TotalUS,7/16/17,organic,1.78,1148354.84,94267.55,311432.79,4766.71,733949.04,596197.98,137751.06,0
TotalUS,7/9/17,organic,1.71,1130374.7,109023.66,333458.24,3424.69,684468.11,485919.33,198548.78,0
TotalUS,7/2/17,organic,1.74,1173393.06,128156.1,360890.48,3393.83,680952.65,459881.11,221071.54,0
TotalUS,6/25/17,organic,1.77,1101009.92,123317.1,341073.87,2613.51,634005.44,411977.56,222027.88,0
TotalUS,6/18/17,organic,1.71,1304554.29,169434.58,442594.36,2140.13,690385.22,435150.06,255235.16,0
TotalUS,6/11/17,organic,1.56,1397448.17,160841.97,339777.07,3623.46,893205.67,468156.32,425049.35,0
TotalUS,6/4/17,organic,1.64,1352960.47,165665.93,387057.95,2865.59,797371,525280.48,272090.52,0
TotalUS,5/28/17,organic,1.69,1302205.55,163384.37,357431.2,3195.15,778194.83,497848.02,280346.81,0
TotalUS,5/21/17,organic,1.71,1210560.61,166985.41,351498.5,4322.99,687753.71,436225.68,251528.03,0
TotalUS,5/14/17,organic,1.55,1375125.12,164697.92,339920.6,4618.45,865888.15,566862.84,299025.31,0
TotalUS,5/7/17,organic,1.57,1394126.23,172722.76,386288.18,4161.33,830953.96,489455.97,341497.99,0
TotalUS,4/30/17,organic,1.68,1248175.29,199039.61,421709.78,5187.46,622238.44,400529.93,221708.51,0
TotalUS,4/23/17,organic,1.61,1190461.18,152604.41,347557.13,3245.62,687054.02,460390.87,226663.15,0
TotalUS,4/16/17,organic,1.49,1493331.28,176684.11,437947.67,5096.43,873603.07,576538.3,297064.77,0
TotalUS,4/9/17,organic,1.43,1387436.32,148803.12,362152.44,8972.11,867508.65,512721.31,354787.34,0
TotalUS,4/2/17,organic,1.42,1492167.41,183101.86,430841.87,3767.76,874455.92,557296.92,317159,0
TotalUS,3/26/17,organic,1.29,1581127.36,160491.66,355541.13,3888.05,1061206.52,586139.54,475066.98,0
TotalUS,3/19/17,organic,1.5,1284018.65,172196.56,411359.03,3304.62,697158.44,486101.39,211057.05,0
TotalUS,3/12/17,organic,1.38,1337596.89,152896.45,330081.75,3188.52,851430.17,491035.95,360394.22,0
TotalUS,3/5/17,organic,1.16,1619398.24,184006.16,374220.48,2542.94,1058628.66,497098.27,561530.39,0
TotalUS,2/26/17,organic,1.21,1436663.15,150448.17,368526.18,3747.77,913941.03,505040.3,408900.73,0
TotalUS,2/19/17,organic,1.31,1634877.11,250591.21,632101.53,3295.09,748889.28,433926.87,314962.41,0
TotalUS,2/12/17,organic,1.41,1060775.98,136636.34,297764.4,3486.2,622889.04,410668.26,212220.78,0
TotalUS,2/5/17,organic,1.36,1015621.03,136100.39,314011.26,2238.78,563270.6,342705.32,220565.28,0
TotalUS,1/29/17,organic,1.43,953206.1,131808.29,292584.44,3524.96,525288.41,346391.91,178896.5,0
TotalUS,1/22/17,organic,1.37,994282.98,115700.02,281786.33,6707.82,590088.81,401805.9,188282.91,0
TotalUS,1/15/17,organic,1.44,975724.28,121132.79,280287.84,8750.08,565553.57,400292.46,165261.11,0
TotalUS,1/8/17,organic,1.43,990721.83,117721.87,283532.68,8697.35,580769.93,379088.19,201681.74,0
TotalUS,1/1/17,organic,1.48,808971.88,99820.77,273329.61,4425.75,431395.75,273456,157939.75,0
TotalUS,3/25/18,organic,1.55,1559967.2,121007.94,342853.1,1070.24,1093861.09,902774.79,190941.84,144.46
TotalUS,3/18/18,organic,1.54,1675804.22,170801.85,444949.69,1045.38,1058651.5,837351.85,221129.46,170.19
TotalUS,3/11/18,organic,1.52,1664234.88,129169.72,408763.5,1401.87,1124621.5,944572.5,180049,0
TotalUS,3/4/18,organic,1.52,1634430.77,142345.03,390129.5,1225.97,1099871.68,831885.5,267818.31,167.87
TotalUS,2/25/18,organic,1.57,1459852.55,122912.97,340374.83,1063.32,994471.5,765056.82,229158.56,256.12
TotalUS,2/18/18,organic,1.52,1814929.97,246515.35,680037.45,1905.46,886241.96,783017.98,103184.01,39.97
TotalUS,2/11/18,organic,1.56,1317000.47,98465.26,270798.27,1839.8,945638.02,768242.42,177144,251.6
TotalUS,2/4/18,organic,1.53,1384683.41,117922.52,287724.61,1703.52,977084.84,774695.74,201878.69,510.41
TotalUS,1/28/18,organic,1.61,1336979.09,118616.17,280080.34,1270.61,936859.49,796104.27,140652.84,102.38
TotalUS,1/21/18,organic,1.63,1283987.65,108705.28,259172.13,1490.02,914409.26,710654.4,203526.59,228.27
TotalUS,1/14/18,organic,1.59,1476651.08,145680.62,323669.83,1580.01,1005593.78,858772.69,146808.97,12.12
TotalUS,1/7/18,organic,1.51,1517332.7,129541.43,296490.29,1289.07,1089861.24,915452.78,174381.57,26.89